'PI-A22-PIGTFS-Fête-2-01',801,162040,0,'Chicoine - St-Antoine PM',3300,0,'Chicoine - St-Antoine PM',7800,0,'Chicoine - St-Antoine PM',2000,0,'Chicoine - St-Antoine PM',6000,0,'Chicoine - St-Antoine PM',2100,0,'Chicoine - St-Antoine PM',2100,0,'Chicoine - St-Antoine PM'
'PI-A22-PIGTFS-Semaine-01',801,162040,0,'Chicoine - St-Antoine PM',3300,0,'Chicoine - St-Antoine PM',7800,0,'Chicoine - St-Antoine PM',2000,0,'Chicoine - St-Antoine PM',6000,0,'Chicoine - St-Antoine PM',2100,0,'Chicoine - St-Antoine PM',2100,0,'Chicoine - St-Antoine PM'
'PI-A22-PIGTFS-Fête-2-01',1500,82740,,'',12000,,'',16000,,'',12000,,'',12000,,'',16000,,'',40500,,'',12000,,'',12000,,'',16000,,''
'PI-A22-PIGTFS-Semaine-01',1500,82740,,'',11800,,'',16200,,'',12500,,'',12200,,'',16300,,'',39500,,'',12500,,'',16500,,'',12500,,''
'PI-A22-PIGTFS-Dimanche-01',11500,72240,,'',10000,,'',12700,,'',17300,,'',12200,,'',16500,,'',13500,,'',16000,,'',12000,,'',12500,,'',16000,,''
'PI-A22-PIGTFS-Fête-1-01',11500,62240,,'',10000,,'',10000,,'',12700,,'',17300,,'',12200,,'',16500,,'',13500,,'',16000,,'',12000,,'',12500,,'',16000,,''
'PI-A22-PIGTFS-Samedi-01',11500,62240,,'',10000,,'',10000,,'',12700,,'',17300,,'',12200,,'',16500,,'',13500,,'',16000,,'',12000,,'',12500,,'',16000,,''
'PI-A22-PIGTFS-Fête-2-01',2000000300,135730,,''
'PI-A22-PIGTFS-Semaine-01',2000000300,135730,,''
