'PI-H26-PI_GTFS-Fête-2-01',801,162010,0,'Chicoine - St-Antoine PM',0,3500,0,'Chicoine - St-Antoine PM',0,7500,0,'Chicoine - St-Antoine PM',0,2000,0,'Chicoine - St-Antoine PM',0,6000,0,'Chicoine - St-Antoine PM',0,2100,0,'Chicoine - St-Antoine PM',0,2100,0,'Chicoine - St-Antoine PM',0
'PI-H26-PI_GTFS-Semaine-01',801,162010,0,'Chicoine - St-Antoine PM',0,3500,0,'Chicoine - St-Antoine PM',0,7500,0,'Chicoine - St-Antoine PM',0,2000,0,'Chicoine - St-Antoine PM',0,6000,0,'Chicoine - St-Antoine PM',0,2100,0,'Chicoine - St-Antoine PM',0,2100,0,'Chicoine - St-Antoine PM',0
'PI-H26-PI_GTFS-Fête-2-01',1500,82720,,'',0,11710,,'',0,16290,,'',0,12400,,'',0,12200,,'',0,16400,,'',0,39610,,'',0,12100,,'',0,12000,,'',0,16300,,'',0
'PI-H26-PI_GTFS-Semaine-01',1500,82720,,'',0,11710,,'',0,16290,,'',0,12400,,'',0,12200,,'',0,16400,,'',0,39610,,'',0,12100,,'',0,12000,,'',0,16300,,'',0
'PI-H26-PI_GTFS-Dimanche-01',11500,72140,,'',0,10000,,'',0,12700,,'',0,17300,,'',0,12200,,'',0,16500,,'',0,13500,,'',0,16000,,'',0,12000,,'',0,12500,,'',0,16000,,'',0
'PI-H26-PI_GTFS-Fête-1-01',11500,62140,,'',0,10000,,'',0,10000,,'',0,12700,,'',0,17300,,'',0,12200,,'',0,16500,,'',0,13500,,'',0,16000,,'',0,12000,,'',0,12500,,'',0,16000,,'',0
'PI-H26-PI_GTFS-Samedi-01',11500,62140,,'',0,10000,,'',0,10000,,'',0,12700,,'',0,17300,,'',0,12200,,'',0,16500,,'',0,13500,,'',0,16000,,'',0,12000,,'',0,12500,,'',0,16000,,'',0
